,Date,Name_sate,Country,Unique_clients,Registrations,ID_promocode
0,8/1/2019,SITE_2,Albania (AL),76,5,22
1,8/1/2019,SITE_1,Algeria (DZ),213,66,40
2,8/1/2019,SITE_3,Angola (AO),45,10,15
3,8/1/2019,SITE_2,Argentina (AR),2191,103,22
4,8/1/2019,SITE_3,Austria (AT),2467,512,40
5,8/1/2019,SITE_3,Azerbaijan (AZ),3707,553,22
6,8/1/2019,SITE_3,Belgium (BE),324,50,22
7,8/1/2019,SITE_3,Brazil (BR),200,62,40
8,8/1/2019,SITE_3,Bulgaria (BG),55,2,15
9,8/1/2019,SITE_3,Cambodia (KH),212,32,22
10,8/1/2019,SITE_3,Canada (CA),153,36,40
11,8/1/2019,SITE_3,China (CN),253,28,15
12,8/1/2019,SITE_1,Colombia (CO),85,8,22
13,8/1/2019,SITE_1,Croatia (HR),163,4,40
14,8/1/2019,SITE_2,Cuba (CU),33,4,15
15,8/1/2019,SITE_2,Cyprus (CY),190,41,22
16,8/1/2019,SITE_1,Czech Republic (CZ),3940,78,40
17,8/1/2019,SITE_2,Czech Republic (CZ),56,8,15
18,8/1/2019,SITE_1,Denmark (DK),388,4,22
19,8/1/2019,SITE_3,Ecuador (EC),159,11,40
20,8/1/2019,SITE_3,Egypt (EG),67,12,15
21,8/1/2019,SITE_2,El Salvador (SV),661,70,22
22,8/1/2019,SITE_3,Finland (FI),591,3,40
23,8/1/2019,SITE_2,Georgia (GE),157,2,15
24,8/1/2019,SITE_3,Gibraltar (GI),136,1,22
25,8/1/2019,SITE_1,Greece (GR),43,6,15
26,8/1/2019,SITE_2,Greece (GR),578,83,40
27,8/1/2019,SITE_1,Honduras (HN),424,3,22
28,8/1/2019,SITE_1,Hong Kong (HK),161,13,15
29,8/1/2019,SITE_3,Hong Kong (HK),321,73,40
30,8/1/2019,SITE_2,Hungary (HU),282,25,22
31,8/1/2019,SITE_2,Iceland (IS),35,10,40
32,8/1/2019,SITE_2,India (IN),74,5,15
33,8/1/2019,SITE_3,Iraq (IQ),263,10,22
34,8/1/2019,SITE_1,Israel (IL),578,52,40
35,8/1/2019,SITE_2,Italy (IT),7253,1500,15
36,8/1/2019,SITE_1,Japan (JP),143,6,22
37,8/1/2019,SITE_1,Kenya (KE),1333,281,22
38,8/1/2019,SITE_2,Kyrgyzstan (KG),1448,360,22
39,8/1/2019,SITE_3,Libya (LY),317,24,40
40,8/1/2019,SITE_2,Lithuania (LT),2433,342,22
41,8/1/2019,SITE_3,Luxembourg (LU),174,9,22
42,8/1/2019,SITE_3,Maldives (MV),40,1,40
43,8/1/2019,SITE_1,Malta (MT),183,6,22
44,8/1/2019,SITE_3,Malta (MT),557,28,22
45,8/1/2019,SITE_2,Mexico (MX),80,5,40
46,8/1/2019,SITE_2,Moldova (MD),462,114,22
47,8/1/2019,SITE_3,Moldova (MD),88,1,22
48,8/1/2019,SITE_1,Montenegro (ME),55,10,40
49,8/1/2019,SITE_2,Myanmar (MM),61,6,15
50,8/1/2019,SITE_1,Netherlands (NL),2789,800,22
51,8/1/2019,SITE_3,New Zealand (NZ),33,6,40
52,8/1/2019,SITE_3,Nicaragua (NI),33,1,15
53,8/1/2019,SITE_3,Nigeria (NG),227,10,22
54,8/1/2019,SITE_3,Norway (NO),67,20,40
55,8/1/2019,SITE_1,Palestine (PS),57,10,15
56,8/1/2019,SITE_2,Panama (PA),75,15,22
57,8/1/2019,SITE_3,Philippines (PH),832,33,40
58,8/1/2019,SITE_1,Poland (PL),337,158,15
59,8/1/2019,SITE_3,Portugal (PT),57,22,22
60,8/1/2019,SITE_2,Republic of Ireland (IE),520,86,40
61,8/1/2019,SITE_2,Republic of Kosovo (XK),39,8,15
62,8/1/2019,SITE_1,Romania (RO),5389,1462,22
63,8/1/2019,SITE_2,Saudi Arabia (SA),77,16,15
64,8/1/2019,SITE_2,Saudi Arabia (SA),123,27,40
65,8/1/2019,SITE_3,Senegal (SN),33,4,22
66,8/1/2019,SITE_1,Serbia (RS),47,9,40
67,8/1/2019,SITE_1,Slovakia (SK),617,118,22
68,8/1/2019,SITE_2,Slovakia (SK),44,8,22
69,8/1/2019,SITE_3,Slovenia (SI),366,48,40
70,8/1/2019,SITE_3,South Africa (ZA),322,44,15
71,8/1/2019,SITE_1,South Korea (KR),63,11,40
72,8/1/2019,SITE_2,South Korea (KR),590,114,22
73,8/1/2019,SITE_3,Spain (ES),59,15,15
74,8/1/2019,SITE_1,Switzerland (CH),1141,136,22
75,8/1/2019,SITE_3,Taiwan (TW),202,32,40
76,8/1/2019,SITE_1,Tajikistan (TJ),411,115,15
77,8/1/2019,SITE_1,Tajikistan (TJ),109,8,22
78,8/1/2019,SITE_2,Thailand (TH),495,108,40
79,8/1/2019,SITE_3,Thailand (TH),111,7,15
80,8/1/2019,SITE_3,Thailand (TH),76,10,22
81,8/1/2019,SITE_2,Tunisia (TN),40,13,15
82,8/1/2019,SITE_2,Tunisia (TN),43,2,40
83,8/1/2019,SITE_2,Ukraine (UA),3878,614,22
84,8/1/2019,SITE_1,United States (US),162,156,40
85,8/1/2019,SITE_2,Uzbekistan (UZ),1947,1179,22
86,8/1/2019,SITE_3,Venezuela (VE),42,16,22
87,8/2/2019,SITE_3,Albania (AL),32,5,40
88,8/2/2019,SITE_1,Algeria (DZ),236,75,15
89,8/2/2019,SITE_3,Angola (AO),51,2,22
90,8/2/2019,SITE_2,Argentina (AR),1796,69,40
91,8/2/2019,SITE_3,Austria (AT),589,74,22
92,8/2/2019,SITE_3,Azerbaijan (AZ),2672,289,22
93,8/2/2019,SITE_1,Belgium (BE),105,12,40
94,8/2/2019,SITE_3,Brazil (BR),207,51,15
95,8/2/2019,SITE_3,Bulgaria (BG),40,1,22
96,8/2/2019,SITE_1,Cambodia (KH),101,26,40
97,8/2/2019,SITE_2,Canada (CA),62,7,15
98,8/2/2019,SITE_3,China (CN),334,45,22
99,8/2/2019,SITE_1,Colombia (CO),91,12,40
100,8/2/2019,SITE_1,Croatia (HR),225,8,15
101,8/2/2019,SITE_3,Cyprus (CY),149,32,22
102,8/2/2019,SITE_1,Czech Republic (CZ),3759,92,40
103,8/2/2019,SITE_2,Czech Republic (CZ),36,6,15
104,8/2/2019,SITE_1,Denmark (DK),372,12,22
105,8/2/2019,SITE_2,Ecuador (EC),136,4,40
106,8/2/2019,SITE_3,Egypt (EG),67,12,15
107,8/2/2019,SITE_2,El Salvador (SV),447,47,22
108,8/2/2019,SITE_3,Estonia (EE),640,1,40
109,8/2/2019,SITE_3,Finland (FI),593,6,22
110,8/2/2019,SITE_2,Georgia (GE),92,1,22
111,8/2/2019,SITE_3,Germany (DE),69,14,40
112,8/2/2019,SITE_3,Gibraltar (GI),140,3,15
113,8/2/2019,SITE_2,Greece (GR),611,60,22
114,8/2/2019,SITE_1,Honduras (HN),413,1,40
115,8/2/2019,SITE_3,Hong Kong (HK),219,10,15
116,8/2/2019,SITE_3,Hong Kong (HK),212,62,22
117,8/2/2019,SITE_2,Hungary (HU),358,27,40
118,8/2/2019,SITE_2,Iceland (IS),34,10,15
119,8/2/2019,SITE_1,India (IN),109,4,22
120,8/2/2019,SITE_1,India (IN),39,1,40
121,8/2/2019,SITE_3,Iraq (IQ),260,11,15
122,8/2/2019,SITE_2,Israel (IL),470,56,22
123,8/2/2019,SITE_2,Italy (IT),7811,1775,40
124,8/2/2019,SITE_3,Italy (IT),76,14,15
125,8/2/2019,SITE_2,Japan (JP),104,95,40
126,8/2/2019,SITE_3,Japan (JP),32,9,15
127,8/2/2019,SITE_3,Japan (JP),314,6,22
128,8/2/2019,SITE_1,Kenya (KE),621,122,22
129,8/2/2019,SITE_3,Kyrgyzstan (KG),1044,286,40
130,8/2/2019,SITE_3,Libya (LY),792,65,22
131,8/2/2019,SITE_2,Lithuania (LT),2109,280,22
132,8/2/2019,SITE_1,Luxembourg (LU),143,10,40
133,8/2/2019,SITE_1,Malta (MT),273,5,15
134,8/2/2019,SITE_1,Malta (MT),155,9,22
135,8/2/2019,SITE_2,Mexico (MX),75,6,40
136,8/2/2019,SITE_3,Moldova (MD),362,65,15
137,8/2/2019,SITE_2,Montenegro (ME),44,9,22
138,8/2/2019,SITE_3,Myanmar (MM),49,1,40
139,8/2/2019,SITE_1,Netherlands (NL),2168,786,22
140,8/2/2019,SITE_1,Nicaragua (NI),49,7,22
141,8/2/2019,SITE_1,Nigeria (NG),188,7,40
142,8/2/2019,SITE_1,Norway (NO),34,3,15
143,8/2/2019,SITE_1,Pakistan (PK),319,1,22
144,8/2/2019,SITE_1,Pakistan (PK),70,2,40
145,8/2/2019,SITE_1,Palestine (PS),64,10,15
146,8/2/2019,SITE_2,Panama (PA),73,14,22
147,8/2/2019,SITE_3,Peru (PE),30,4,40
148,8/2/2019,SITE_3,Philippines (PH),367,28,15
149,8/2/2019,SITE_3,Poland (PL),223,110,22
150,8/2/2019,SITE_2,Republic of Ireland (IE),227,27,40
151,8/2/2019,SITE_2,Republic of Kosovo (XK),41,3,15
152,8/2/2019,SITE_1,Romania (RO),3980,958,22
153,8/2/2019,SITE_2,Saudi Arabia (SA),80,14,15
154,8/2/2019,SITE_2,Saudi Arabia (SA),148,18,40
155,8/2/2019,SITE_3,Serbia (RS),52,8,22
156,8/2/2019,SITE_3,Slovakia (SK),30,12,15
157,8/2/2019,SITE_3,Slovakia (SK),640,109,40
158,8/2/2019,SITE_3,Slovenia (SI),171,10,22
159,8/2/2019,SITE_2,South Africa (ZA),226,26,40
160,8/2/2019,SITE_2,South Korea (KR),637,114,22
161,8/2/2019,SITE_3,South Korea (KR),97,14,22
162,8/2/2019,SITE_3,Spain (ES),74,18,40
163,8/2/2019,SITE_1,Switzerland (CH),1083,128,22
164,8/2/2019,SITE_3,Taiwan (TW),121,8,22
165,8/2/2019,SITE_1,Tajikistan (TJ),63,5,15
166,8/2/2019,SITE_1,Tajikistan (TJ),383,116,40
167,8/2/2019,SITE_2,Thailand (TH),434,68,22
168,8/2/2019,SITE_3,Thailand (TH),102,13,40
169,8/2/2019,SITE_3,Tunisia (TN),544,315,22
170,8/2/2019,SITE_2,Ukraine (UA),4617,807,22
171,8/2/2019,SITE_2,Uzbekistan (UZ),1551,896,22
172,8/2/2019,SITE_3,Venezuela (VE),44,17,22
173,8/2/2019,SITE_2,Yemen (YE),43,8,40
174,8/2/2019,SITE_3,Yemen (YE),33,5,15
175,8/3/2019,SITE_3,Albania (AL),34,6,22
176,8/3/2019,SITE_3,Algeria (DZ),418,129,40
177,8/3/2019,SITE_3,Angola (AO),44,9,15
178,8/3/2019,SITE_3,Argentina (AR),690,30,22
179,8/3/2019,SITE_1,Austria (AT),384,43,40
180,8/3/2019,SITE_3,Azerbaijan (AZ),2343,261,22
181,8/3/2019,SITE_1,Brazil (BR),179,58,22
182,8/3/2019,SITE_2,Canada (CA),63,16,40
183,8/3/2019,SITE_3,China (CN),79,4,15
184,8/3/2019,SITE_3,China (CN),53,4,22
185,8/3/2019,SITE_1,Colombia (CO),113,9,40
186,8/3/2019,SITE_2,Croatia (HR),157,6,15
187,8/3/2019,SITE_1,Cuba (CU),37,4,22
188,8/3/2019,SITE_3,Cyprus (CY),162,40,40
189,8/3/2019,SITE_2,Czech Republic (CZ),3384,63,22
190,8/3/2019,SITE_1,Denmark (DK),408,10,22
191,8/3/2019,SITE_3,Ecuador (EC),167,4,40
192,8/3/2019,SITE_3,Egypt (EG),45,12,15
193,8/3/2019,SITE_2,El Salvador (SV),35,4,22
194,8/3/2019,SITE_3,Finland (FI),549,1,40
195,8/3/2019,SITE_3,Georgia (GE),58,1,15
196,8/3/2019,SITE_2,Greece (GR),786,98,22
197,8/3/2019,SITE_1,Honduras (HN),420,4,40
198,8/3/2019,SITE_3,Hong Kong (HK),324,13,15
199,8/3/2019,SITE_2,Hungary (HU),448,40,22
200,8/3/2019,SITE_1,India (IN),98,4,40
201,8/3/2019,SITE_1,Iraq (IQ),200,11,15
202,8/3/2019,SITE_1,Israel (IL),554,42,22
203,8/3/2019,SITE_1,Italy (IT),43,11,15
204,8/3/2019,SITE_2,Italy (IT),7106,1659,40
205,8/3/2019,SITE_2,Ivory Coast (CI),40,8,22
206,8/3/2019,SITE_1,Japan (JP),133,6,40
207,8/3/2019,SITE_3,Japan (JP),77,52,15
208,8/3/2019,SITE_3,Kyrgyzstan (KG),903,235,22
209,8/3/2019,SITE_3,Libya (LY),1121,81,40
210,8/3/2019,SITE_2,Lithuania (LT),2261,251,22
211,8/3/2019,SITE_1,Luxembourg (LU),147,8,22
212,8/3/2019,SITE_3,Maldives (MV),31,1,40
213,8/3/2019,SITE_1,Malta (MT),200,3,22
214,8/3/2019,SITE_3,Malta (MT),284,18,15
215,8/3/2019,SITE_3,Mexico (MX),59,4,40
216,8/3/2019,SITE_3,Moldova (MD),315,77,15
217,8/3/2019,SITE_3,Morocco (MA),151,29,22
218,8/3/2019,SITE_3,Morocco (MA),34,1,40
219,8/3/2019,SITE_2,Myanmar (MM),61,4,15
220,8/3/2019,SITE_1,Netherlands (NL),2645,937,22
221,8/3/2019,SITE_2,Nicaragua (NI),37,4,40
222,8/3/2019,SITE_2,Nigeria (NG),175,8,15
223,8/3/2019,SITE_3,Norway (NO),69,11,22
224,8/3/2019,SITE_1,Pakistan (PK),66,4,15
225,8/3/2019,SITE_2,Pakistan (PK),239,3,40
226,8/3/2019,SITE_3,Palestine (PS),93,11,22
227,8/3/2019,SITE_2,Panama (PA),43,8,40
228,8/3/2019,SITE_2,Peru (PE),33,1,15
229,8/3/2019,SITE_3,Philippines (PH),55,2,22
230,8/3/2019,SITE_2,Poland (PL),288,149,40
231,8/3/2019,SITE_2,Republic of Kosovo (XK),37,7,15
232,8/3/2019,SITE_1,Romania (RO),1279,306,22
233,8/3/2019,SITE_1,Saudi Arabia (SA),173,21,40
234,8/3/2019,SITE_2,Saudi Arabia (SA),60,8,15
235,8/3/2019,SITE_1,Serbia (RS),48,8,22
236,8/3/2019,SITE_1,Slovakia (SK),521,64,40
237,8/3/2019,SITE_2,South Africa (ZA),221,29,15
238,8/3/2019,SITE_1,South Korea (KR),817,178,22
239,8/3/2019,SITE_1,Switzerland (CH),1019,110,40
240,8/3/2019,SITE_1,Tajikistan (TJ),383,119,15
241,8/3/2019,SITE_2,Thailand (TH),415,83,22
242,8/3/2019,SITE_3,Thailand (TH),88,18,40
243,8/3/2019,SITE_3,Tunisia (TN),205,106,15
244,8/3/2019,SITE_2,Ukraine (UA),3443,503,22
245,8/3/2019,SITE_2,Uzbekistan (UZ),1660,983,22
246,8/4/2019,SITE_2,Albania (AL),80,9,22
247,8/4/2019,SITE_3,Algeria (DZ),524,168,40
248,8/4/2019,SITE_1,Angola (AO),43,5,15
249,8/4/2019,SITE_3,Argentina (AR),247,4,22
250,8/4/2019,SITE_3,Austria (AT),642,95,40
251,8/4/2019,SITE_3,Azerbaijan (AZ),2184,239,22
252,8/4/2019,SITE_1,Brazil (BR),184,42,22
253,8/4/2019,SITE_2,Canada (CA),38,3,40
254,8/4/2019,SITE_3,China (CN),76,7,15
255,8/4/2019,SITE_1,Colombia (CO),82,10,22
256,8/4/2019,SITE_1,Costa Rica (CR),36,9,40
257,8/4/2019,SITE_2,Croatia (HR),138,6,15
258,8/4/2019,SITE_1,Cuba (CU),36,4,22
259,8/4/2019,SITE_3,Cyprus (CY),174,27,40
260,8/4/2019,SITE_1,Czech Republic (CZ),3627,74,22
261,8/4/2019,SITE_3,Denmark (DK),526,24,22
262,8/4/2019,SITE_1,Ecuador (EC),156,2,40
263,8/4/2019,SITE_3,Egypt (EG),48,17,15
264,8/4/2019,SITE_2,El Salvador (SV),40,10,22
265,8/4/2019,SITE_3,Finland (FI),618,3,40
266,8/4/2019,SITE_3,Georgia (GE),73,2,15
267,8/4/2019,SITE_1,Gibraltar (GI),105,2,22
268,8/4/2019,SITE_2,Greece (GR),514,57,40
269,8/4/2019,SITE_3,Honduras (HN),463,1,22
270,8/4/2019,SITE_3,Hong Kong (HK),360,5,22
271,8/4/2019,SITE_2,Hungary (HU),353,24,40
272,8/4/2019,SITE_2,Iceland (IS),34,5,15
273,8/4/2019,SITE_1,India (IN),117,6,22
274,8/4/2019,SITE_3,India (IN),57,2,40
275,8/4/2019,SITE_3,Iraq (IQ),243,10,15
276,8/4/2019,SITE_2,Israel (IL),508,46,22
277,8/4/2019,SITE_2,Italy (IT),6455,1315,40
278,8/4/2019,SITE_2,Japan (JP),93,83,22
279,8/4/2019,SITE_3,Japan (JP),184,1,15
280,8/4/2019,SITE_2,Kuwait (KW),43,1,40
281,8/4/2019,SITE_3,Kyrgyzstan (KG),879,233,22
282,8/4/2019,SITE_3,Libya (LY),88,3,22
283,8/4/2019,SITE_2,Lithuania (LT),2112,254,40
284,8/4/2019,SITE_1,Luxembourg (LU),143,7,15
285,8/4/2019,SITE_3,Maldives (MV),33,4,22
286,8/4/2019,SITE_1,Malta (MT),186,15,15
287,8/4/2019,SITE_1,Malta (MT),223,7,40
288,8/4/2019,SITE_2,Mexico (MX),89,5,22
289,8/4/2019,SITE_3,Moldova (MD),147,21,40
290,8/4/2019,SITE_3,Morocco (MA),122,16,15
291,8/4/2019,SITE_1,Myanmar (MM),73,7,22
292,8/4/2019,SITE_1,Netherlands (NL),1790,618,40
293,8/4/2019,SITE_1,Nicaragua (NI),51,4,15
294,8/4/2019,SITE_3,Nigeria (NG),207,4,22
295,8/4/2019,SITE_1,Norway (NO),30,3,40
296,8/4/2019,SITE_1,Pakistan (PK),77,3,15
297,8/4/2019,SITE_3,Palestine (PS),71,12,22
298,8/4/2019,SITE_2,Panama (PA),63,12,40
299,8/4/2019,SITE_3,Philippines (PH),33,2,15
300,8/4/2019,SITE_2,Poland (PL),298,141,22
301,8/4/2019,SITE_2,Republic of Kosovo (XK),41,8,40
302,8/4/2019,SITE_1,Romania (RO),943,232,22
303,8/4/2019,SITE_1,Saudi Arabia (SA),170,17,22
304,8/4/2019,SITE_2,Saudi Arabia (SA),127,22,40
305,8/4/2019,SITE_1,Serbia (RS),45,14,15
306,8/4/2019,SITE_2,Slovakia (SK),33,13,40
307,8/4/2019,SITE_3,Slovakia (SK),1600,260,22
308,8/4/2019,SITE_2,South Africa (ZA),240,35,15
309,8/4/2019,SITE_1,South Korea (KR),852,181,22
310,8/4/2019,SITE_1,Switzerland (CH),522,68,40
311,8/4/2019,SITE_1,Tajikistan (TJ),446,142,22
312,8/4/2019,SITE_2,Thailand (TH),454,90,22
313,8/4/2019,SITE_3,Thailand (TH),41,5,40
314,8/4/2019,SITE_1,Tunisia (TN),88,31,15
315,8/4/2019,SITE_2,Ukraine (UA),3906,650,22
316,8/4/2019,SITE_3,United States (US),352,235,40
317,8/4/2019,SITE_2,Uzbekistan (UZ),1815,1045,22
318,8/5/2019,SITE_2,Albania (AL),72,12,22
319,8/5/2019,SITE_1,Algeria (DZ),47,10,15
320,8/5/2019,SITE_3,Algeria (DZ),891,326,40
321,8/5/2019,SITE_2,Angola (AO),70,7,22
322,8/5/2019,SITE_3,Austria (AT),393,42,40
323,8/5/2019,SITE_3,Azerbaijan (AZ),1588,154,22
324,8/5/2019,SITE_3,Brazil (BR),196,53,22
325,8/5/2019,SITE_3,Bulgaria (BG),33,2,40
326,8/5/2019,SITE_3,Canada (CA),145,29,15
327,8/5/2019,SITE_3,China (CN),72,3,22
328,8/5/2019,SITE_2,Colombia (CO),66,9,40
329,8/5/2019,SITE_2,Croatia (HR),147,7,15
330,8/5/2019,SITE_2,Cuba (CU),30,6,22
331,8/5/2019,SITE_3,Cyprus (CY),171,26,40
332,8/5/2019,SITE_1,Czech Republic (CZ),3839,90,22
333,8/5/2019,SITE_2,Czech Republic (CZ),39,11,22
334,8/5/2019,SITE_1,Denmark (DK),126,2,15
335,8/5/2019,SITE_3,Denmark (DK),523,35,40
336,8/5/2019,SITE_3,Ecuador (EC),196,12,22
337,8/5/2019,SITE_3,Egypt (EG),51,14,40
338,8/5/2019,SITE_2,El Salvador (SV),53,16,15
339,8/5/2019,SITE_3,Finland (FI),646,5,22
340,8/5/2019,SITE_2,Greece (GR),444,47,40
341,8/5/2019,SITE_1,Honduras (HN),413,1,15
342,8/5/2019,SITE_3,Hong Kong (HK),404,19,22
343,8/5/2019,SITE_2,Hungary (HU),435,59,40
344,8/5/2019,SITE_3,Iceland (IS),48,1,15
345,8/5/2019,SITE_2,India (IN),67,10,22
346,8/5/2019,SITE_3,Iraq (IQ),277,16,40
347,8/5/2019,SITE_1,Israel (IL),556,42,22
348,8/5/2019,SITE_2,Italy (IT),733,47,22
349,8/5/2019,SITE_1,Japan (JP),140,4,40
350,8/5/2019,SITE_3,Japan (JP),47,35,15
351,8/5/2019,SITE_1,Kuwait (KW),65,10,22
352,8/5/2019,SITE_2,Kyrgyzstan (KG),2398,668,40
353,8/5/2019,SITE_3,Libya (LY),931,84,22
354,8/5/2019,SITE_2,Lithuania (LT),1662,210,22
355,8/5/2019,SITE_3,Luxembourg (LU),154,9,40
356,8/5/2019,SITE_3,Maldives (MV),30,1,15
357,8/5/2019,SITE_1,Malta (MT),223,9,22
358,8/5/2019,SITE_1,Malta (MT),193,11,40
359,8/5/2019,SITE_2,Mexico (MX),45,4,15
360,8/5/2019,SITE_3,Moldova (MD),249,68,22
361,8/5/2019,SITE_2,Montenegro (ME),36,7,40
362,8/5/2019,SITE_3,Morocco (MA),289,84,15
363,8/5/2019,SITE_3,Morocco (MA),41,1,22
364,8/5/2019,SITE_1,Myanmar (MM),76,6,40
365,8/5/2019,SITE_1,Netherlands (NL),2346,732,22
366,8/5/2019,SITE_1,Nigeria (NG),195,3,22
367,8/5/2019,SITE_3,Norway (NO),157,33,40
368,8/5/2019,SITE_2,Pakistan (PK),220,1,15
369,8/5/2019,SITE_3,Pakistan (PK),45,1,22
370,8/5/2019,SITE_3,Palestine (PS),69,11,40
371,8/5/2019,SITE_2,Panama (PA),60,15,15
372,8/5/2019,SITE_1,Peru (PE),43,6,22
373,8/5/2019,SITE_3,Philippines (PH),148,6,40
374,8/5/2019,SITE_2,Poland (PL),278,137,15
375,8/5/2019,SITE_2,Portugal (PT),114,40,22
376,8/5/2019,SITE_2,Republic of Kosovo (XK),38,3,40
377,8/5/2019,SITE_1,Romania (RO),882,192,22
378,8/5/2019,SITE_2,Saudi Arabia (SA),78,9,22
379,8/5/2019,SITE_2,Saudi Arabia (SA),47,9,40
380,8/5/2019,SITE_3,Serbia (RS),51,10,15
381,8/5/2019,SITE_2,Slovakia (SK),36,14,40
382,8/5/2019,SITE_3,Slovakia (SK),1051,202,22
383,8/5/2019,SITE_3,South Africa (ZA),200,40,15
384,8/5/2019,SITE_1,South Korea (KR),916,179,22
385,8/5/2019,SITE_1,Switzerland (CH),443,66,40
386,8/5/2019,SITE_1,Tajikistan (TJ),378,128,15
387,8/5/2019,SITE_2,Thailand (TH),438,92,22
388,8/5/2019,SITE_3,Thailand (TH),30,1,40
389,8/5/2019,SITE_1,Tunisia (TN),60,16,15
390,8/5/2019,SITE_2,Ukraine (UA),2893,389,22
391,8/5/2019,SITE_1,United States (US),272,134,40
392,8/5/2019,SITE_1,Uzbekistan (UZ),2687,1510,22
393,8/5/2019,SITE_3,Venezuela (VE),37,23,22
394,8/6/2019,SITE_2,Albania (AL),72,11,40
395,8/6/2019,SITE_1,Algeria (DZ),310,97,15
396,8/6/2019,SITE_1,Angola (AO),43,3,22
397,8/6/2019,SITE_3,Argentina (AR),462,80,40
398,8/6/2019,SITE_1,Austria (AT),167,14,15
399,8/6/2019,SITE_1,Azerbaijan (AZ),1313,125,22
400,8/6/2019,SITE_1,Bangladesh (BD),109,3,40
401,8/6/2019,SITE_3,Brazil (BR),208,49,15
402,8/6/2019,SITE_2,Canada (CA),73,9,22
403,8/6/2019,SITE_1,Colombia (CO),87,8,40
404,8/6/2019,SITE_2,Costa Rica (CR),5073,111,22
405,8/6/2019,SITE_2,Croatia (HR),110,8,22
406,8/6/2019,SITE_3,Cyprus (CY),155,26,40
407,8/6/2019,SITE_1,Czech Republic (CZ),3844,78,22
408,8/6/2019,SITE_1,Denmark (DK),116,3,40
409,8/6/2019,SITE_3,Denmark (DK),574,36,22
410,8/6/2019,SITE_3,Ecuador (EC),170,12,15
411,8/6/2019,SITE_1,Egypt (EG),40,11,22
412,8/6/2019,SITE_2,El Salvador (SV),85,11,40
413,8/6/2019,SITE_3,Finland (FI),645,4,22
414,8/6/2019,SITE_3,Georgia (GE),81,1,22
415,8/6/2019,SITE_2,Greece (GR),242,26,40
416,8/6/2019,SITE_1,Honduras (HN),432,2,22
417,8/6/2019,SITE_3,Hong Kong (HK),402,14,22
418,8/6/2019,SITE_2,Hungary (HU),332,38,40
419,8/6/2019,SITE_2,Iceland (IS),32,9,15
420,8/6/2019,SITE_1,India (IN),37,1,15
421,8/6/2019,SITE_1,India (IN),93,4,22
422,8/6/2019,SITE_1,India (IN),38,3,40
423,8/6/2019,SITE_3,Iraq (IQ),259,13,22
424,8/6/2019,SITE_1,Israel (IL),593,71,40
425,8/6/2019,SITE_2,Italy (IT),392,19,15
426,8/6/2019,SITE_3,Japan (JP),178,5,22
427,8/6/2019,SITE_3,Japan (JP),80,66,40
428,8/6/2019,SITE_1,Kuwait (KW),182,27,15
429,8/6/2019,SITE_2,Kyrgyzstan (KG),2127,616,22
430,8/6/2019,SITE_3,Libya (LY),943,78,40
431,8/6/2019,SITE_2,Lithuania (LT),793,74,22
432,8/6/2019,SITE_3,Luxembourg (LU),157,8,22
433,8/6/2019,SITE_3,Maldives (MV),33,1,40
434,8/6/2019,SITE_1,Malta (MT),280,19,15
435,8/6/2019,SITE_2,Malta (MT),110,3,22
436,8/6/2019,SITE_1,Mexico (MX),51,5,40
437,8/6/2019,SITE_2,Mexico (MX),45,10,15
438,8/6/2019,SITE_3,Moldova (MD),140,31,22
439,8/6/2019,SITE_2,Montenegro (ME),44,9,40
440,8/6/2019,SITE_3,Morocco (MA),220,50,15
441,8/6/2019,SITE_2,Myanmar (MM),61,5,22
442,8/6/2019,SITE_2,Netherlands (NL),1595,643,40
443,8/6/2019,SITE_2,Nicaragua (NI),34,4,15
444,8/6/2019,SITE_1,Nigeria (NG),191,3,22
445,8/6/2019,SITE_1,Oman (OM),89,28,40
446,8/6/2019,SITE_3,Pakistan (PK),175,1,15
447,8/6/2019,SITE_3,Palestine (PS),91,22,22
448,8/6/2019,SITE_2,Panama (PA),52,8,40
449,8/6/2019,SITE_1,Peru (PE),43,12,15
450,8/6/2019,SITE_2,Poland (PL),258,120,22
451,8/6/2019,SITE_2,Portugal (PT),130,47,40
452,8/6/2019,SITE_1,Republic of Kosovo (XK),48,2,15
453,8/6/2019,SITE_1,Romania (RO),686,163,22
454,8/6/2019,SITE_3,Romania (RO),31,5,40
455,8/6/2019,SITE_2,Saudi Arabia (SA),152,23,15
456,8/6/2019,SITE_1,Serbia (RS),47,6,22
457,8/6/2019,SITE_2,Slovakia (SK),52,8,15
458,8/6/2019,SITE_3,Slovakia (SK),677,123,40
459,8/6/2019,SITE_3,South Africa (ZA),218,34,22
460,8/6/2019,SITE_2,South Korea (KR),812,160,40
461,8/6/2019,SITE_3,Sweden (SE),110,17,15
462,8/6/2019,SITE_1,Switzerland (CH),752,93,22
463,8/6/2019,SITE_1,Tajikistan (TJ),377,116,40
464,8/6/2019,SITE_2,Thailand (TH),371,75,15
465,8/6/2019,SITE_1,Tunisia (TN),66,21,22
466,8/6/2019,SITE_2,Ukraine (UA),2695,355,40
467,8/6/2019,SITE_1,United States (US),263,98,22
468,8/6/2019,SITE_3,United States (US),328,1,15
469,8/6/2019,SITE_2,Uzbekistan (UZ),1847,1008,40
470,8/6/2019,SITE_3,Venezuela (VE),55,20,15
471,8/6/2019,SITE_2,Yemen (YE),43,7,22
472,8/7/2019,SITE_2,Albania (AL),57,13,40
473,8/7/2019,SITE_3,Algeria (DZ),331,98,15
474,8/7/2019,SITE_1,Angola (AO),39,5,22
475,8/7/2019,SITE_3,Argentina (AR),322,67,40
476,8/7/2019,SITE_1,Austria (AT),178,17,15
477,8/7/2019,SITE_3,Azerbaijan (AZ),1752,208,22
478,8/7/2019,SITE_3,Brazil (BR),187,49,40
479,8/7/2019,SITE_2,Canada (CA),79,5,15
480,8/7/2019,SITE_1,China (CN),32,1,22
481,8/7/2019,SITE_2,Colombia (CO),78,6,40
482,8/7/2019,SITE_2,Costa Rica (CR),3282,106,22
483,8/7/2019,SITE_2,Croatia (HR),129,3,22
484,8/7/2019,SITE_2,Cuba (CU),30,7,40
485,8/7/2019,SITE_3,Cyprus (CY),144,27,15
486,8/7/2019,SITE_1,Czech Republic (CZ),3711,69,22
487,8/7/2019,SITE_2,Denmark (DK),84,1,15
488,8/7/2019,SITE_3,Denmark (DK),653,38,40
489,8/7/2019,SITE_3,Ecuador (EC),195,9,22
490,8/7/2019,SITE_1,Egypt (EG),34,8,40
491,8/7/2019,SITE_2,El Salvador (SV),63,15,15
492,8/7/2019,SITE_1,Estonia (EE),30,6,22
493,8/7/2019,SITE_3,Finland (FI),624,5,40
494,8/7/2019,SITE_2,Greece (GR),219,21,15
495,8/7/2019,SITE_3,Honduras (HN),468,1,22
496,8/7/2019,SITE_3,Hong Kong (HK),295,13,40
497,8/7/2019,SITE_2,Hungary (HU),560,63,22
498,8/7/2019,SITE_1,India (IN),38,1,22
499,8/7/2019,SITE_1,Indonesia (ID),91,2,40
500,8/7/2019,SITE_3,Iraq (IQ),249,7,15
501,8/7/2019,SITE_1,Israel (IL),561,55,22
502,8/7/2019,SITE_3,Italy (IT),275,13,40
503,8/7/2019,SITE_1,Ivory Coast (CI),99,14,15
504,8/7/2019,SITE_1,Japan (JP),149,6,22
505,8/7/2019,SITE_1,Japan (JP),125,103,40
506,8/7/2019,SITE_1,Kuwait (KW),588,97,22
507,8/7/2019,SITE_2,Kyrgyzstan (KG),1226,308,22
508,8/7/2019,SITE_3,Kyrgyzstan (KG),77,16,40
509,8/7/2019,SITE_3,Libya (LY),653,45,22
510,8/7/2019,SITE_2,Lithuania (LT),278,51,22
511,8/7/2019,SITE_3,Luxembourg (LU),158,4,40
512,8/7/2019,SITE_1,Malta (MT),141,5,15
513,8/7/2019,SITE_2,Malta (MT),83,15,22
514,8/7/2019,SITE_2,Mexico (MX),43,13,15
515,8/7/2019,SITE_3,Mexico (MX),57,6,40
516,8/7/2019,SITE_3,Moldova (MD),145,23,22
517,8/7/2019,SITE_3,Morocco (MA),180,31,40
518,8/7/2019,SITE_2,Myanmar (MM),62,4,15
519,8/7/2019,SITE_3,Netherlands (NL),823,391,22
520,8/7/2019,SITE_1,Nicaragua (NI),61,10,40
521,8/7/2019,SITE_3,Nigeria (NG),229,12,15
522,8/7/2019,SITE_1,Oman (OM),56,15,22
523,8/7/2019,SITE_1,Pakistan (PK),71,1,15
524,8/7/2019,SITE_2,Pakistan (PK),303,1,40
525,8/7/2019,SITE_3,Palestine (PS),92,19,22
526,8/7/2019,SITE_2,Panama (PA),61,10,40
527,8/7/2019,SITE_1,Peru (PE),36,5,15
528,8/7/2019,SITE_2,Poland (PL),252,108,22
529,8/7/2019,SITE_2,Portugal (PT),199,83,40
530,8/7/2019,SITE_3,Republic of Kosovo (XK),35,1,15
531,8/7/2019,SITE_1,Romania (RO),445,104,22
532,8/7/2019,SITE_2,Saudi Arabia (SA),159,21,40
533,8/7/2019,SITE_3,Serbia (RS),54,15,15
534,8/7/2019,SITE_1,Slovakia (SK),554,105,22
535,8/7/2019,SITE_2,Slovakia (SK),48,7,40
536,8/7/2019,SITE_3,South Africa (ZA),211,45,15
537,8/7/2019,SITE_1,South Korea (KR),929,192,22
538,8/7/2019,SITE_2,Switzerland (CH),174,14,40
539,8/7/2019,SITE_1,Tajikistan (TJ),442,126,22
540,8/7/2019,SITE_2,Thailand (TH),390,85,22
541,8/7/2019,SITE_2,Tunisia (TN),30,11,40
542,8/7/2019,SITE_2,Ukraine (UA),3241,451,22
543,8/7/2019,SITE_3,United States (US),762,119,22
544,8/7/2019,SITE_3,United States (US),677,1,40
545,8/7/2019,SITE_2,Uzbekistan (UZ),1489,816,22
546,8/8/2019,SITE_2,Albania (AL),102,16,22
547,8/8/2019,SITE_3,Angola (AO),45,2,40
548,8/8/2019,SITE_1,Argentina (AR),51,1,22
549,8/8/2019,SITE_3,Argentina (AR),137,5,15
550,8/8/2019,SITE_1,Austria (AT),116,10,40
551,8/8/2019,SITE_3,Azerbaijan (AZ),1600,186,22
552,8/8/2019,SITE_1,Bangladesh (BD),159,1,22
553,8/8/2019,SITE_2,Bangladesh (BD),70,11,40
554,8/8/2019,SITE_1,Brazil (BR),157,44,15
555,8/8/2019,SITE_2,Canada (CA),75,10,22
556,8/8/2019,SITE_3,China (CN),336,21,40
557,8/8/2019,SITE_2,Colombia (CO),71,14,15
558,8/8/2019,SITE_1,Costa Rica (CR),35,7,40
559,8/8/2019,SITE_2,Costa Rica (CR),1178,15,22
560,8/8/2019,SITE_2,Croatia (HR),121,7,15
561,8/8/2019,SITE_1,Cuba (CU),42,5,22
562,8/8/2019,SITE_3,Cyprus (CY),162,38,40
563,8/8/2019,SITE_2,Czech Republic (CZ),3555,64,22
564,8/8/2019,SITE_1,Denmark (DK),481,26,22
565,8/8/2019,SITE_2,Denmark (DK),84,1,40
566,8/8/2019,SITE_3,Ecuador (EC),161,7,15
567,8/8/2019,SITE_1,Egypt (EG),38,14,22
568,8/8/2019,SITE_2,El Salvador (SV),73,14,40
569,8/8/2019,SITE_1,Estonia (EE),52,3,15
570,8/8/2019,SITE_1,Estonia (EE),30,9,22
571,8/8/2019,SITE_3,Finland (FI),545,3,40
572,8/8/2019,SITE_1,Gibraltar (GI),89,1,15
573,8/8/2019,SITE_3,Greece (GR),182,18,22
574,8/8/2019,SITE_1,Honduras (HN),444,2,40
575,8/8/2019,SITE_3,Hong Kong (HK),312,22,15
576,8/8/2019,SITE_3,Hungary (HU),195,19,22
577,8/8/2019,SITE_1,Iceland (IS),37,7,40
578,8/8/2019,SITE_1,Indonesia (ID),103,2,15
579,8/8/2019,SITE_3,Iraq (IQ),246,13,22
580,8/8/2019,SITE_2,Israel (IL),484,42,40
581,8/8/2019,SITE_3,Italy (IT),249,12,15
582,8/8/2019,SITE_3,Ivory Coast (CI),32,4,22
583,8/8/2019,SITE_1,Japan (JP),135,1,40
584,8/8/2019,SITE_2,Japan (JP),114,78,15
585,8/8/2019,SITE_1,Kuwait (KW),259,40,22
586,8/8/2019,SITE_3,Kyrgyzstan (KG),1108,285,40
587,8/8/2019,SITE_3,Lebanon (LB),32,1,15
588,8/8/2019,SITE_3,Libya (LY),243,9,22
589,8/8/2019,SITE_3,Lithuania (LT),216,27,40
590,8/8/2019,SITE_3,Luxembourg (LU),182,6,15
591,8/8/2019,SITE_1,Malta (MT),137,4,22
592,8/8/2019,SITE_2,Malta (MT),75,11,40
593,8/8/2019,SITE_1,Mexico (MX),50,8,15
594,8/8/2019,SITE_2,Mexico (MX),38,8,22
595,8/8/2019,SITE_3,Moldova (MD),100,22,40
596,8/8/2019,SITE_3,Morocco (MA),144,33,15
597,8/8/2019,SITE_1,Myanmar (MM),126,13,22
